<?xml version="1.0" encoding ="utf-8"?>
<swc xmlns="http://www.adobe.com/flash/swccatalog/9">
  <versions>
    <swc version="1.2" />
    <flex version="4.6.0" build="23201" minimumSupportedVersion="3.0.0" />
  </versions>
  <features>
    <feature-script-deps />
    <feature-files />
  </features>
  <libraries>
    <library path="library.swf">
      <script name="_16a5cd554f15c2c5e4571e1783112677736b7109ed97c7170bfc670069e544d4_flash_display_Sprite" mod="1414054364716" signatureChecksum="3479468043" >
        <def id="_16a5cd554f15c2c5e4571e1783112677736b7109ed97c7170bfc670069e544d4_flash_display_Sprite" /> 
        <dep id="flash.system:Security" type="e" /> 
        <dep id="AS3" type="n" /> 
        <dep id="flash.display:Sprite" type="i" /> 
      </script>
      <script name="BluetoothExt" mod="1414051424959" signatureChecksum="454036976" >
        <def id="BluetoothExt" /> 
        <dep id="flash.events:Event" type="e" /> 
        <dep id="flash.utils:ByteArray" type="e" /> 
        <dep id="flash.utils:Timer" type="e" /> 
        <dep id="flash.events:StatusEvent" type="e" /> 
        <dep id="flash.events:TimerEvent" type="e" /> 
        <dep id="flash.utils:getTimer" type="e" /> 
        <dep id="flash.external:ExtensionContext" type="e" /> 
        <dep id="Error" type="e" /> 
        <dep id="flash.desktop:NativeApplication" type="e" /> 
        <dep id="flash.events:Event" type="s" /> 
        <dep id="flash.events:IEventDispatcher" type="s" /> 
        <dep id="flash.utils:ByteArray" type="s" /> 
        <dep id="flash.utils:Timer" type="s" /> 
        <dep id="flash.events:StatusEvent" type="s" /> 
        <dep id="flash.events:TimerEvent" type="s" /> 
        <dep id="flash.external:ExtensionContext" type="s" /> 
        <dep id="Error" type="s" /> 
        <dep id="AS3" type="n" /> 
        <dep id="flash.events:EventDispatcher" type="i" /> 
      </script>
      <digests>
        <digest type="SHA-256" signed="false" value="7c4b328f0e733ed0cd65083bd5985d51b15738e41ea8bc8b4ea216f36e642f36"   />
      </digests>
    </library>
  </libraries>
  <files>
  </files>
</swc>
