<?xml version="1.0" encoding ="utf-8"?>
<swc xmlns="http://www.adobe.com/flash/swccatalog/9">
  <versions>
    <swc version="1.2" />
    <flex version="4.6.0" build="23201" minimumSupportedVersion="3.0.0" />
  </versions>
  <features>
    <feature-script-deps />
    <feature-files />
  </features>
  <libraries>
    <library path="library.swf">
      <script name="AIRSerial" mod="1411445052079" signatureChecksum="2463192066" >
        <def id="AIRSerial" /> 
        <dep id="flash.events:Event" type="e" /> 
        <dep id="flash.utils:ByteArray" type="e" /> 
        <dep id="trace" type="e" /> 
        <dep id="flash.events:IOErrorEvent" type="e" /> 
        <dep id="flash.external:ExtensionContext" type="e" /> 
        <dep id="flash.filesystem:FileMode" type="e" /> 
        <dep id="flash.desktop:NativeProcess" type="e" /> 
        <dep id="flash.events:NativeProcessExitEvent" type="e" /> 
        <dep id="flash.events:ProgressEvent" type="e" /> 
        <dep id="flash.filesystem:FileStream" type="e" /> 
        <dep id="flash.system:Capabilities" type="e" /> 
        <dep id="flash.events:StatusEvent" type="e" /> 
        <dep id="XML" type="e" /> 
        <dep id="flash.desktop:NativeProcessStartupInfo" type="e" /> 
        <dep id="flash.filesystem:File" type="e" /> 
        <dep id="flash.events:Event" type="s" /> 
        <dep id="flash.events:IEventDispatcher" type="s" /> 
        <dep id="flash.utils:ByteArray" type="s" /> 
        <dep id="flash.events:IOErrorEvent" type="s" /> 
        <dep id="flash.external:ExtensionContext" type="s" /> 
        <dep id="flash.desktop:NativeProcess" type="s" /> 
        <dep id="flash.events:NativeProcessExitEvent" type="s" /> 
        <dep id="flash.events:ProgressEvent" type="s" /> 
        <dep id="flash.filesystem:FileStream" type="s" /> 
        <dep id="flash.events:StatusEvent" type="s" /> 
        <dep id="flash.desktop:NativeProcessStartupInfo" type="s" /> 
        <dep id="flash.filesystem:File" type="s" /> 
        <dep id="XML" type="s" /> 
        <dep id="AS3" type="n" /> 
        <dep id="flash.events:EventDispatcher" type="i" /> 
      </script>
      <script name="_e570e2e01e771669dd5a3368fabab0ef17987e943bb9debf25f7421fb619cf5c_flash_display_Sprite" mod="1411451059919" signatureChecksum="1566276569" >
        <def id="_e570e2e01e771669dd5a3368fabab0ef17987e943bb9debf25f7421fb619cf5c_flash_display_Sprite" /> 
        <dep id="flash.system:Security" type="e" /> 
        <dep id="AS3" type="n" /> 
        <dep id="flash.display:Sprite" type="i" /> 
      </script>
      <digests>
        <digest type="SHA-256" signed="false" value="6b347804ff10c2a15783aeac494521ec8bf6599eea37ad90894604dde3cfcf3d"   />
      </digests>
    </library>
  </libraries>
  <files>
  </files>
</swc>
