{
	"objName": "Star1",
	"sounds": [{
			"soundName": "pop",
			"soundID": -1,
			"md5": "83a9787d4cb6f3b7632b4ddfebf74367.wav",
			"sampleCount": 258,
			"rate": 11025,
			"format": ""
		}],
	"costumes": [{
			"costumeName": "star1",
			"baseLayerID": -1,
			"baseLayerMD5": "ab0914e53e360477275e58b83ec4d423.svg",
			"bitmapResolution": 1,
			"rotationCenterX": 21,
			"rotationCenterY": 19
		}],
	"currentCostumeIndex": 0,
	"scratchX": 0,
	"scratchY": 0,
	"scale": 0.9,
	"direction": 90,
	"rotationStyle": "normal",
	"isDraggable": false,
	"indexInLibrary": 100000,
	"visible": true,
	"spriteInfo": {
	}
}