{
	"objName": "Mouse1",
	"sounds": [{
			"soundName": "pop",
			"soundID": -1,
			"md5": "83a9787d4cb6f3b7632b4ddfebf74367.wav",
			"sampleCount": 258,
			"rate": 11025,
			"format": ""
		}],
	"costumes": [{
			"costumeName": "mouse2",
			"baseLayerID": -1,
			"baseLayerMD5": "78172ef7030a5834dd9157375ec7201a.svg",
			"bitmapResolution": 1,
			"rotationCenterX": 50,
			"rotationCenterY": 27
		}],
	"currentCostumeIndex": 0,
	"scratchX": 0,
	"scratchY": 0,
	"scale": 0.95,
	"direction": 90,
	"rotationStyle": "normal",
	"isDraggable": false,
	"indexInLibrary": 100000,
	"visible": true,
	"spriteInfo": {
	}
}