{
	"objName": "Bear2",
	"sounds": [{
			"soundName": "meow",
			"soundID": -1,
			"md5": "83c36d806dc92327b9e7049a565c6bff.wav",
			"sampleCount": 18688,
			"rate": 22050,
			"format": ""
		}],
	"costumes": [{
			"costumeName": "bear2",
			"baseLayerID": -1,
			"baseLayerMD5": "6d221edd99a5d0cb7b6bbfee6f8d9681.svg",
			"bitmapResolution": 1,
			"rotationCenterX": 36,
			"rotationCenterY": 64
		}],
	"currentCostumeIndex": 0,
	"scratchX": 0,
	"scratchY": 0,
	"scale": 1,
	"direction": 90,
	"rotationStyle": "normal",
	"isDraggable": false,
	"indexInLibrary": 100000,
	"visible": true,
	"spriteInfo": {
	}
}