{
	"objName": "Street Cleaner",
	"sounds": [{
			"soundName": "pop",
			"soundID": -1,
			"md5": "83a9787d4cb6f3b7632b4ddfebf74367.wav",
			"sampleCount": 258,
			"rate": 11025,
			"format": ""
		}],
	"costumes": [{
			"costumeName": "street-cleaner-mit",
			"baseLayerID": -1,
			"baseLayerMD5": "e3699b3f2f7d67a9f48ea9b71fd3733a.png",
			"rotationCenterX": 100,
			"rotationCenterY": 59
		}],
	"currentCostumeIndex": 0,
	"scratchX": 0,
	"scratchY": 0,
	"scale": 1,
	"direction": 90,
	"rotationStyle": "normal",
	"isDraggable": false,
	"indexInLibrary": 100000,
	"visible": true,
	"spriteInfo": {
	}
}