{
	"objName": "Girl4",
	"sounds": [{
			"soundName": "pop",
			"soundID": -1,
			"md5": "83a9787d4cb6f3b7632b4ddfebf74367.wav",
			"sampleCount": 258,
			"rate": 11025,
			"format": ""
		}],
	"costumes": [{
			"costumeName": "girl4-a",
			"baseLayerID": -1,
			"baseLayerMD5": "30cba84d30963961b450e7fa30e91cf1.png",
			"rotationCenterX": 34,
			"rotationCenterY": 90
		},
		{
			"costumeName": "girl4-b",
			"baseLayerID": -1,
			"baseLayerMD5": "9b36dff7b1f894f5b1a484e5566f4ac3.png",
			"rotationCenterX": 42,
			"rotationCenterY": 90
		}],
	"currentCostumeIndex": 0,
	"scratchX": 0,
	"scratchY": 0,
	"scale": 1,
	"direction": 90,
	"rotationStyle": "normal",
	"isDraggable": false,
	"indexInLibrary": 100000,
	"visible": true,
	"spriteInfo": {
	}
}