{
	"objName": "Girl6",
	"sounds": [{
			"soundName": "pop",
			"soundID": -1,
			"md5": "83a9787d4cb6f3b7632b4ddfebf74367.wav",
			"sampleCount": 258,
			"rate": 11025,
			"format": ""
		}],
	"costumes": [{
			"costumeName": "girl6-a",
			"baseLayerID": -1,
			"baseLayerMD5": "91099026e230aefbb412314d9fc9ad05.png",
			"rotationCenterX": 46,
			"rotationCenterY": 86
		},
		{
			"costumeName": "girl6-b",
			"baseLayerID": -1,
			"baseLayerMD5": "8281d14f2f3478819e51bad719c19738.png",
			"rotationCenterX": 53,
			"rotationCenterY": 86
		}],
	"currentCostumeIndex": 0,
	"scratchX": 0,
	"scratchY": 0,
	"scale": 1,
	"direction": 90,
	"rotationStyle": "normal",
	"isDraggable": false,
	"indexInLibrary": 100000,
	"visible": true,
	"spriteInfo": {
	}
}