{
	"objName": "Tree",
	"sounds": [{
			"soundName": "pop",
			"soundID": -1,
			"md5": "83a9787d4cb6f3b7632b4ddfebf74367.wav",
			"sampleCount": 258,
			"rate": 11025,
			"format": ""
		}],
	"costumes": [{
			"costumeName": "tree",
			"baseLayerID": -1,
			"baseLayerMD5": "d4cafdb83f5ff518383f7174817243e6.svg",
			"bitmapResolution": 1,
			"rotationCenterX": 82,
			"rotationCenterY": 104
		}],
	"currentCostumeIndex": 0,
	"scratchX": 0,
	"scratchY": 0,
	"scale": 0.9,
	"direction": 90,
	"rotationStyle": "normal",
	"isDraggable": false,
	"indexInLibrary": 100000,
	"visible": true,
	"spriteInfo": {
	}
}