{
	"objName": "Monkey2",
	"sounds": [{
			"soundName": "meow",
			"soundID": -1,
			"md5": "83c36d806dc92327b9e7049a565c6bff.wav",
			"sampleCount": 18688,
			"rate": 22050,
			"format": ""
		}],
	"costumes": [{
			"costumeName": "monkey2-a",
			"baseLayerID": -1,
			"baseLayerMD5": "6e4de762dbd52cd2b6356694a9668211.svg",
			"bitmapResolution": 1,
			"rotationCenterX": 68,
			"rotationCenterY": 99
		},
		{
			"costumeName": "monkey2-b",
			"baseLayerID": -1,
			"baseLayerMD5": "7662a3a0f4c6fa21fdf2de33bd80fe5f.svg",
			"bitmapResolution": 1,
			"rotationCenterX": 68,
			"rotationCenterY": 99
		},
		{
			"costumeName": "monkey2-c",
			"baseLayerID": -1,
			"baseLayerMD5": "db8eb50b948047181922310bb94511fb.svg",
			"bitmapResolution": 1,
			"rotationCenterX": 68,
			"rotationCenterY": 99
		}],
	"currentCostumeIndex": 0,
	"scratchX": 0,
	"scratchY": 0,
	"scale": 0.75,
	"direction": 90,
	"rotationStyle": "normal",
	"isDraggable": false,
	"indexInLibrary": 100000,
	"visible": true,
	"spriteInfo": {
	}
}