{
	"objName": "Scarf",
	"sounds": [{
			"soundName": "pop",
			"soundID": -1,
			"md5": "83a9787d4cb6f3b7632b4ddfebf74367.wav",
			"sampleCount": 258,
			"rate": 11025,
			"format": ""
		}],
	"costumes": [{
			"costumeName": "scarf",
			"baseLayerID": -1,
			"baseLayerMD5": "9db18d2a2b3c9859654fc1b4832e6076.svg",
			"bitmapResolution": 1,
			"rotationCenterX": 54,
			"rotationCenterY": 36
		}],
	"currentCostumeIndex": 0,
	"scratchX": 0,
	"scratchY": 0,
	"scale": 0.9,
	"direction": 90,
	"rotationStyle": "normal",
	"isDraggable": false,
	"indexInLibrary": 100000,
	"visible": true,
	"spriteInfo": {
	}
}